MXASSETNUM,C,12;DESCRIPTIO,C,105;MINTDISTRI,C,20;NOMBRE_DIS,C,100;MINTBARRIO,C,10;NOMBRE_BAR,C,100;INSTALLDAT,D;MINTTIPOVI,C,15;MINTNOMBRE,C,254;MINTNUMERO,C,25;MINTNDP,C,20;TOTAL_ELEM,N,10,0;ESTADO,C,50
8785833;D1554-DEPORTIVA CALLE RICARDO ORTIZ, 84;15;CIUDAD LINEAL;151;VENTAS;15/02/22;CALLE;RICARDO ORTIZ;84;11103458;0;OPERATIVO
7144369;D1964- Deportiva- CALLE DEL PENDULO 3A;19;VICALVARO;192;VALDEBERNARDO;17/09/20;CALLE;PENDULO;3A;20123311;9;ACTIVO
5107830;D1454- Deportiva- AV. DE  MORATALAZ, 54;14;MORATALAZ;145;FONTARRON;21/05/19;AVENIDA;MORATALAZ;54;20152921;11;ACTIVO
52122;D1251-Deportiva - CALLE DE BEASAIN 45;12;USERA;121;ORCASITAS;01/08/13;CALLE;BEASAIN;45;31030933;15;ACTIVO
52130;D1350-Deportiva- AVENIDA DE MIGUEL HERNANDEZ 11;13;PUENTE DE VALLECAS;134;PALOMERAS SURESTE;01/08/13;CALLE;RAFAEL FERNANDEZ HIJICOS;23;11096620;17;ACTIVO
52121;D1250-Deportiva - AV. DE LOS POBLADOS, 169;12;USERA;127;PRADOLONGO;01/08/13;AVENIDA;POBLADOS;169;31007159;22;ACTIVO
7356676;D1157 - Deportiva - CALLE DE LA GUITARRA 9;11;CARABANCHEL;116;BUENAVISTA;01/12/20;CALLE;GUITARRA;9;11077474;3;ACTIVO
3569421;D0652-Deportiva- GENERAL PERÓN 5;06;TETUAN;062;CUATRO CAMINOS;01/01/04;AVENIDA;GENERAL PERON;5;11029966;13;ACTIVO
52123;D1252-Deportiva -CALLE DEL SIMCA 6;12;USERA;121;ORCASITAS;01/08/13;CALLE;SIMCA;4;31002263;6;ACTIVO
52139;D1451-Deportiva - CALLE DE LA FUENTE CARRANTONA 61;14;MORATALAZ;142;HORCAJO;01/08/13;CALLE;FUENTE CARRANTONA;61;31041857;14;ACTIVO
7902152;D1864- Deportiva-CALLE DE MAZATERON 12;18;VILLA DE VALLECAS;183;ENSANCHE DE VALLECAS;19/05/21;CALLE;MAZATERON;12;31063532;10;ACTIVO
7930170;D1362- Deportiva- CALLE DE LA SIERRA TOLEDANA 65;13;PUENTE DE VALLECAS;136;NUMANCIA;30/07/21;CALLE;SIERRA TOLEDANA;65;11142930;3;ACTIVO
7908163;D0703-Deportiva- C/ RAIMUNDO FERNÁNDEZ VILLAVERDE 50;07;CHAMBERI;075;RIOS ROSAS;18/06/21;CALLE;RAIMUNDO FERNANDEZ VILLAVERDE;50;11042234;13;ACTIVO
7943813;D1764-Deportiva - CALLE DEL ORO 16;17;VILLAVERDE;173;BUTARQUE;26/08/21;CALLE;ORO;16;31050200;10;ACTIVO
4990656;D0452-Deportiva PARQUE DE LA AVENIDAS;04;SALAMANCA;044;GUINDALERA;14/01/19;AVENIDA;BRASILIA;4;31026006;15;ACTIVO
3568959;D0451-Deportiva PARQUE DE LA AVENIDAS;04;SALAMANCA;044;GUINDALERA;01/06/17;AVENIDA;BRASILIA;6;31026007;6;ACTIVO
3573005;D1950-Deportivas - CALLE DE LA LADERA DE LOS ALMENDROS 14E;19;VICALVARO;192;VALDEBERNARDO;20/10/13;CALLE;LADERA DE LOS ALMENDROS;14E;20151600;12;ACTIVO
3573050;D1156-Deportiva - CALLE DE EL TOBOSO 25;11;CARABANCHEL;113;SAN ISIDRO;14/09/17;CALLE;EL TOBOSO;25;11073134;13;ACTIVO
3573208;D1854-Deportiva -CALLE DE MARIA TERESA LEON 1G;18;VILLA DE VALLECAS;183;ENSANCHE DE VALLECAS;20/10/13;CALLE;MARIA TERESA LEON;1G;31026567;3;ACTIVO
3573330;D1850-Deportiva-CALLE DE ZAZUAR 12;18;VILLA DE VALLECAS;182;SANTA EUGENIA;23/10/13;CALLE;ZAZUAR;12;31011883;25;ACTIVO
3573332;D1855-Deportivas - CALLE DE POZA DE LA SAL 19;18;VILLA DE VALLECAS;182;SANTA EUGENIA;23/10/13;CALLE;POZA DE LA SAL;19;11131700;7;ACTIVO
3573331;D1851-Deportiva- CALLE DE POZA DE LA SAL 3;18;VILLA DE VALLECAS;182;SANTA EUGENIA;23/10/13;CALLE;POZA DE LA SAL;3;11131688;5;ACTIVO
3573016;D1953-Deportiva- AV. DE LA DEMOCRACIA, 50;19;VICALVARO;192;VALDEBERNARDO;20/10/13;AVENIDA;DEMOCRACIA;50;20165254;12;ACTIVO
52138;D1450- Deportiva- CALLE  JOSE BERGAMIN, 26-28;14;MORATALAZ;143;MARROQUINA;01/08/13;AVENIDA;DOCTOR GARCIA TAPIA;123;11101400;9;ACTIVO
3740686;D0501-Deportiva PARQUE FELIX RGUEZ. DE LA FUENTE;05;CHAMARTIN;052;PROSPERIDAD;01/12/17;CALLE;PADRE CLARET;38;31041818;5;ACTIVO
52132;D1352-Deportiva- RONDA  SUR 8;13;PUENTE DE VALLECAS;131;ENTREVIAS;01/08/13;RONDA;SUR;219;20084211;12;ACTIVO
52109;D1151-Deportiva - PASEO DE LA ERMITA DEL SANTO 76;11;CARABANCHEL;113;SAN ISIDRO;;PASEO;ERMITA DEL SANTO;74B;31048276;54;ACTIVO
3963526;D1752-Deportiva - AVENIDA DE LOS ROSALES 131;17;VILLAVERDE;173;BUTARQUE;18/12/13;AVENIDA;LOS ROSALES;116;31005158;23;ACTIVO
3971913;D1253-Deportiva - CALLE DE LA AÑAFIL 14;12;USERA;124;ALMENDRALES;08/02/16;CALLE;AÑAFIL;14;31009895;8;ACTIVO
4792788;D1956-Deportiva-  CALLE DE CORDEL DE PAVONES 9;19;VICALVARO;192;VALDEBERNARDO;07/12/17;CALLE;CORDEL DE PAVONES;9;31006992;8;ACTIVO
4792795;D1954-Deportiva- AUTOVIA  M-40 1500EX;19;VICALVARO;192;VALDEBERNARDO;20/12/17;AUTOVIA;M-40;1500EX;31031401;8;ACTIVO
4794560;D0653 - Deportiva - AZCA;06;TETUAN;062;CUATRO CAMINOS;18/06/18;PASEO;CASTELLANA;75 B;20181752;9;ACTIVO
4795141;D1355- Deportiva- AVENIDA DE MIGUEL HERNANDEZ 48;13;PUENTE DE VALLECAS;134;PALOMERAS SURESTE;08/06/17;AVENIDA;MIGUEL HERNANDEZ;48;20035278;6;ACTIVO
4986445;D1756-Deportiva - CALLE DE BENIFERRI 2;17;VILLAVERDE;172;SAN CRISTOBAL;30/11/18;CALLE;BENIFERRI;2;11126150;11;ACTIVO
4988302;D1958- Deportiva- CALLE DEL ALTO DEL ESPARRAGAL 214;19;VICALVARO;194;EL CAÑAVERAL;20/12/18;CALLE;ALTO DEL ESPARRAGAL;214;31047359;9;ACTIVO
4988362;D0502-Deportiva PARQUE PTA. DE AMERICA - CORAZON DE MARIA;05;CHAMARTIN;052;PROSPERIDAD;20/12/18;CALLE;CORAZON DE MARIA;18;20120209;4;ACTIVO
52070;D0650-Deportiva-PARQUE AGUSTIN RODRIGUEZ SAHAGUN (HUERTA OBISOPO);06;TETUAN;065;VALDEACEDERAS;22/02/06;;;;31028439;29;ACTIVO
5056315;D1254-Deportiva - CALLE RICARDO BELTRÁN Y RÓZPIDE, 20;12;USERA;126;ZOFIO;22/03/19;AVENIDA;PRINCESA JUANA DE AUSTRIA;47;20127260;12;ACTIVO
5197210;D0701-Deportiva- Jardines Revenga;07;CHAMBERI;071;GAZTAMBIDE;09/09/19;CALLE;MELENDEZ VALDES;32;20013208;5;ACTIVO
5209117;D1058-Deportiva CINE;10;LATINA;105;CAMPAMENTO;08/11/19;CALLE;CINE;33;11066850;3;ACTIVO
5218552;D0654-Deportiva- PARQUE SOROLLA;06;TETUAN;064;ALMENARA;17/12/19;CALLE;MONTOYA;57;11033227;4;ACTIVO
5219515;D0702 -AREA DEPORTIVA-GALILEO;07;CHAMBERI;072;ARAPILES;28/11/19;CALLE;GALILEO;35;31044128;6;ACTIVO
5219935;Pista Deportiva Papá Negro;16;HORTALEZA;162;PIOVERA;;;;;;3;ACTIVO
5220798;D1858 - Deportiva - CALLE DEL ALTO DEL RETIRO 13;18;VILLA DE VALLECAS;183;ENSANCHE DE VALLECAS;13/01/20;CALLE;ALTO DEL RETIRO;13;31045486;8;ACTIVO
5261893;D0503 - Deportiva PARQUE ORLANDO ZAPATA TAMAYO;05;CHAMARTIN;054;HISPANOAMERICA;03/02/20;CALLE;PUERTO RICO;22;11024272;13;ACTIVO
5799343;D1859-Deportiva- CALLE DE MARTIN MUÑOZ DE LAS POSADAS 1A;18;VILLA DE VALLECAS;183;ENSANCHE DE VALLECAS;21/02/20;CALLE;MARTIN MUÑOZ DE LAS POSADAS;1A;31030080;7;ACTIVO
5800211;D1860-Deportiva- CALLE DE LA SIERRA VIEJA 38;18;VILLA DE VALLECAS;183;ENSANCHE DE VALLECAS;21/02/20;CALLE;SIERRA VIEJA;38;11130481;6;ACTIVO
7021646;D1455- Deportiva - CALLE DE JOSE BERGAMIN 60;14;MORATALAZ;143;MARROQUINA;19/05/20;CALLE;JOSE BERGAMIN;60;20091486;9;ACTIVO
7107703;D1060 -Deportiva SAN CANUTO 16;10;LATINA;102;PUERTA DEL ANGEL;29/05/20;CALLE;SAN CANUTO;16;11062270;3;ACTIVO
7126154;D1962- Deportiva- CALLE LADERA DE LOS ALMENDROS, 2;19;VICALVARO;192;VALDEBERNARDO;30/06/20;CALLE;LADERA DE LOS ALMENDROS;2;31023316;4;ACTIVO
7126156;D1961- Deportiva- LADERA DE LOS ALMENDROS, 18E;19;VICALVARO;192;VALDEBERNARDO;30/06/20;CALLE;LADERA DE LOS ALMENDROS;18E;20161345;4;ACTIVO
7126508;D1960- Deportiva- CALLE DE ANNA FRANK 1;19;VICALVARO;194;EL CAÑAVERAL;24/06/20;CALLE;ANNA FRANK;1;31037313;7;ACTIVO
7127774;D0655-Deportiva- PARQUE AGUSTIN RODRIGUEZ SAHAGUN;06;TETUAN;065;VALDEACEDERAS;11/06/20;CALLE;VILLAAMIL;90;31050938;5;ACTIVO
7162545;D0102 - Deportiva - PLAZA SANTA MARIA SOLEDAD TORRES ACOSTA (AREA 2);01;CENTRO;015;UNIVERSIDAD;13/02/19;PLAZA;SANTA MARIA SOLEDAD TORRES ACOSTA;1 B;31037270;5;ACTIVO
7247845;D1356- Deportiva- RONDA  SUR 117;13;PUENTE DE VALLECAS;131;ENTREVIAS;20/11/20;RONDA;SUR;117;11090038;10;ACTIVO
7802438;D1256-Deportiva - PASEO DE SANTA MARIA DE LA CABEZA 93;12;USERA;125;MOSCARDO;22/02/21;PASEO;SANTA MARIA DE LA CABEZA;93;31027444;7;ACTIVO
7802464;D1257-Deportiva - CALLE DE MARACENA 2;12;USERA;122;ORCASUR;02/03/21;CALLE;MARACENA;2;11081218;7;ACTIVO
7835585;D1861- Deportiva - CALLE DE ENTREPEÑAS 43;18;VILLA DE VALLECAS;183;ENSANCHE DE VALLECAS;17/03/21;CALLE;ENTREPEÑAS;43;31033787;7;ACTIVO
7837848;D1357- Deportiva - CALLE EL BOSCO 22;13;PUENTE DE VALLECAS;136;NUMANCIA;22/03/21;AUTOVIA;A-3;500SA;31031227;7;ACTIVO
7838836;D1358- Deportiva - CALLE BENJAMIN PALENCIA  2;13;PUENTE DE VALLECAS;136;NUMANCIA;23/03/21;CALLE;BENJAMIN PALENCIA;2;20002299;7;ACTIVO
7840405;D1359- Deportiva - CALLE DEL ESCRITOR 3;13;PUENTE DE VALLECAS;133;PALOMERAS BAJAS;25/03/21;CALLE;ESCRITOR;3;20003182;7;ACTIVO
7840483;D1862- Deportiva - CALLE DE TINEO 13;18;VILLA DE VALLECAS;183;ENSANCHE DE VALLECAS;25/03/21;CALLE;TINEO;13;31016534;7;ACTIVO
7861595;D1159 - Deportiva - CAMINO DE LAS CRUCES 4;11;CARABANCHEL;116;BUENAVISTA;06/05/21;CAMINO;CRUCES;4;20078470;11;ACTIVO
7861611;D1258-Deportiva - CALLE DE TOMELLOSO 63,;12;USERA;127;PRADOLONGO;16/04/21;CALLE;TOMELLOSO;63;11082377;11;ACTIVO
7872643;D0351-DEPORTIVA-PARQUE ROMA;03;RETIRO;033;ESTRELLA;30/04/21;;;;;14;ACTIVO
7886327;D0455-DEPORTIVA-PARQUE EVA DUARTE DE PERON;04;SALAMANCA;044;GUINDALERA;06/05/21;CALLE;FLORESTAN AGUILAR;2;11017052;10;ACTIVO
7887312;D0505-DEPORTIVA-URUGUA 23 POST.;05;CHAMARTIN;054;HISPANOAMERICA;10/05/21;CALLE;URUGUAY;23;11025164;14;ACTIVO
7889423;D0253-DEPORTIVA-DEPORTIVO 3 PARQUE ENRIQUE TIERNO GALVAN;02;ARGANZUELA;024;LEGAZPI;12/05/21;PARQUE;ENRIQUE TIERNO GALVAN;;;14;ACTIVO
7928004;D1360- Deportiva- Av. de Miguel Hernández, 11;13;PUENTE DE VALLECAS;134;PALOMERAS SURESTE;13/05/21;CALLE;RAFAEL FERNANDEZ HIJICOS;43;11096620;14;ACTIVO
7928019;D1361- Deportiva- CALLE DEL ESCRITOR 3;13;PUENTE DE VALLECAS;133;PALOMERAS BAJAS;13/05/21;CALLE;ESCRITOR;3;20003182;15;ACTIVO
7928031;D1457-Deportiva - CALLE DE LA HACIENDA DE PAVONES 160;14;MORATALAZ;146;VINATEROS;14/05/21;CALLE;HACIENDA DE PAVONES;160;11102502;21;ACTIVO
7928053;D1863- Deportiva- CALLE DE ZAZUAR 8;18;VILLA DE VALLECAS;182;SANTA EUGENIA;17/05/21;CALLE;ZAZUAR;8;11131614;15;ACTIVO
7928069;D1966- Deportiva- BULEVAR DE JOSE PRAT 11, 28032 Madrid;19;VICALVARO;192;VALDEBERNARDO;26/04/21;BULEVAR;JOSE PRAT;11;20123299;15;ACTIVO
8799531;D1364-DEPORTIVA PUERTO DE BALBARAN 40;13;PUENTE DE VALLECAS;133;PALOMERAS BAJAS;29/03/22;CALLE;PUERTO DE BALBARAN;39;11093744;6;ACTIVO
8799540;D1665-DEPORTIVA PARQUE DE MANOTERAS;16;HORTALEZA;165;APOSTOL SANTIAGO;29/03/22;CALLE;VELEZ RUBIO;40;11121896;6;ACTIVO
8799543;D1867-DEPORTIVA GRANJA DE SAN IDELFONSO;18;VILLA DE VALLECAS;183;ENSANCHE DE VALLECAS;29/03/22;AVENIDA;MAYORAZGO;30;31065785;7;ACTIVO
8799551;D1459-DEPORTIVA LAGUNA NEGRA;14;MORATALAZ;142;HORCAJO;05/04/22;CALLE;LAGUNA NEGRA;1 A;20129775;14;ACTIVO
8799552;D1555-DEPORTIVA MARQUES DE CORBERA;15;CIUDAD LINEAL;151;VENTAS;05/04/22;AVENIDA;MARQUES DE CORBERA;4;20167853;4;ACTIVO
8799553;D1766-DEPORTIVA CHOZA DE CANALES;17;VILLAVERDE;174;LOS ROSALES;05/04/22;PLAZA;CHOZAS DE CANALES;1;11126886;5;ACTIVO
8799554;D1868-DEPORTIVA VILLA DE VALLECAS;18;VILLA DE VALLECAS;183;ENSANCHE DE VALLECAS;05/04/22;AVENIDA;VILLA DE VALLECAS;21;31001910;11;ACTIVO
8799601;D2160-DEPORTIVA PLAYA DE BARLOVENTO;21;BARAJAS;214;TIMON;05/04/22;CALLE;PLAYA DE BARLOVENTO;12;31033337;9;ACTIVO
8799633;D1163-DEPORTIVA CALLE VIA LUSITANA 3 (PARQUE EMPERATRIZ MARIA DE AUSTRIA 2);11;CARABANCHEL;117;ABRANTES;30/04/22;CALLE;VIA LUSITANA;3;31035183;6;ACTIVO
8799632;D1162-DEPORTIVA VIA LUSITANA CV PARQUE EMPERATRIZ MARIA DE AUSTRIA AREA 1;11;CARABANCHEL;117;ABRANTES;06/05/22;CALLE;VIA LUSITANA;3;31035183;8;ACTIVO
8799550;D1260-DEPORTIVA OLOF PALME;12;USERA;126;ZOFIO;05/04/22;AVENIDA;RAFAELA YBARRA;23;11086744;0;OPERATIVO
8781256;D1363-DEPORTIVA CALLE ARROYO DEL OLIVAR 49;13;PUENTE DE VALLECAS;133;PALOMERAS BAJAS;24/03/22;CALLE;ARROYO DEL OLIVAR;15;11095427;0;OPERATIVO
8914013;Zona Deportiva;14;MORATALAZ;143;MARROQUINA;;AVENIDA;Avenida del Doctor Garcia Tapia;125;;0;OPERATIVO
8914014;Zona Deportiva;14;MORATALAZ;143;MARROQUINA;;AVENIDA;Avenida del Doctor Garcia Tapia;125;;0;OPERATIVO
8914015;Zona Deportiva;14;MORATALAZ;143;MARROQUINA;;AVENIDA;Avenida del Doctor Garcia Tapia;125;;0;OPERATIVO
8914016;Zona Deportiva;14;MORATALAZ;143;MARROQUINA;;AVENIDA;Avenida del Doctor Garcia Tapia;125;;0;OPERATIVO
8775331;D0254-DEPORTIVA CALLE DEL BRONCE 5;02;ARGANZUELA;024;LEGAZPI;19/01/22;CALLE;BRONCE;5;31007293;0;OPERATIVO
8799607;D1261-DEPORTIVA GENERAL MARVA 53;12;USERA;125;MOSCARDO;06/05/22;CALLE;GENERAL MARVA;53;11084385;0;OPERATIVO
5653825;Área Deportiva CD_000025;04;SALAMANCA;043;FUENTE DEL BERRO;29/10/14;;;;;1;OPERATIVO
5653727;Área Deportiva CD_000054;03;RETIRO;035;LOS JERONIMOS;03/11/14;;;;;5;OPERATIVO
5653716;Área Deportiva CD_000055;03;RETIRO;035;LOS JERONIMOS;03/11/14;;;;;1;OPERATIVO
5653737;Área Deportiva CD_000001;03;RETIRO;035;LOS JERONIMOS;27/05/15;;;;;22;OPERATIVO
52131;D1351-Deportiva- AVENIDA  ENTREVIAS 92;13;PUENTE DE VALLECAS;131;ENTREVIAS;01/08/13;AVENIDA;ENTREVIAS;92;11088012;11;OPERATIVO
7928425;D1967-DEPORTIVA CALLE DE LA CALIZA 22;19;VICALVARO;193;VALDERRIVAS;06/05/21;CALLE;CALIZA;22;20180508;15;OPERATIVO
52108;D1150-DEPORTIVA AUTOVIA A-42 500SA (PARQUE EMPERATRIZ MARIA DE AUSTRIA);11;CARABANCHEL;117;ABRANTES;30/04/21;AVENIDA;PRINCESA JUANA DE AUSTRIA;43;20026320;63;OPERATIVO
7902175;D1160 - DEPORTIVA CALLE DE LOS MORALES 13;11;CARABANCHEL;116;BUENAVISTA;26/05/21;Calle de l;Morales;13;31001529;9;OPERATIVO
7248182;D1255-DEPORTIVA CALLE DE VALLANDES 9;12;USERA;125;MOSCARDO;17/11/20;CALLE;VALLANDES;9;20002236;8;OPERATIVO
7927289;D1259-DEPORTIVA AVENIDA DE LOS POBLADOS 169;12;USERA;127;PRADOLONGO;14/05/21;AVENIDA;POBLADOS;169;31007159;15;OPERATIVO
52141;D1453-Deportiva- CALLE DE ATENAS 6B;14;MORATALAZ;141;PAVONES;01/08/13;CALLE;ATENAS;6B;20129222;9;OPERATIVO
8799638;D1664-DEPORTIVA CALLE NICETO ALCALA ZAMORA CV CALLE ALBERTO DE PALACIOS;16;HORTALEZA;166;VALDEFUENTES;04/04/22;AVENIDA;NICETO ALCALA ZAMORA;3;31011039;12;OPERATIVO
52042;D0250- Deportiva PARQUE ENRIQUE TIERNO GALVAN;02;ARGANZUELA;024;LEGAZPI;05/04/21;;;;20000301;25;OPERATIVO
451569;D1051-Deportiva CUÑA VERDE LA LATINA;10;LATINA;101;LOS CARMENES;01/01/04;CALLE;CONCEJAL FRANCISCO JOSE JIMENEZ MARTIN;5;31012806;3;OPERATIVO
451531;D1055-Deportiva PARQUE CARAMUEL;10;LATINA;101;LOS CARMENES;01/01/04;AVENIDA;CAPRICHOS;14;20148982;6;OPERATIVO
451542;D1056-Deportiva CALLE CUART DE POBLET, 19;10;LATINA;103;LUCERO;06/05/21;CALLE;CUART DE POBLET;19;31016351;18;OPERATIVO
52110;D1152-Deportiva - CALLE DEL HALCONERO DEL REY;11;CARABANCHEL;116;BUENAVISTA;06/05/21;AVENIDA;EURO;12A;31045888;16;OPERATIVO
52111;D1153-Deportiva - CALLE DE FERNANDO DELGADO 8;11;CARABANCHEL;114;VISTA ALEGRE;06/05/21;CALLE;FERNANDO DELGADO;8;11074893;13;OPERATIVO
7802522;D1158 - Deportiva - AVENIDA DEL EURO 16;11;CARABANCHEL;116;BUENAVISTA;01/01/24;AVENIDA;EURO;16;31031211;7;OPERATIVO
7764194;D1456- Deportiva - Calle Luis de Hoyos Sainz, 108;14;MORATALAZ;146;VINATEROS;01/01/04;Calle;Luis de Hoyos Sainz;108;11102891;7;OPERATIVO
52211;D1750-Deportivas - CALLE DE LA ESTEFANITA 62;17;VILLAVERDE;173;BUTARQUE;01/01/04;CALLE;ESTEFANITA;11;31035895;18;OPERATIVO
52212;D1751-Deportiva - CALLE DE BURJASOT 10;17;VILLAVERDE;172;SAN CRISTOBAL;01/01/04;CALLE;BURJASOT;6;11126090;4;OPERATIVO
7162223;D0101-Deportiva- PLAZA SANTA MARIA SOLEDAD TORRES ACOSTA (AREA 1);01;CENTRO;015;UNIVERSIDAD;13/02/19;;;;;6;ACTIVO
52213;D1753-Deportiva - CALLE DE LA TABERNERA DEL PUERTO 25;17;VILLAVERDE;175;ANGELES;05/04/15;CALLE;LA TABERNERA DEL PUERTO;25;31053320;3;ACTIVO
52214;D1754-Deportiva - CALLE DE LA TABERNERA DEL PUERTO 69;17;VILLAVERDE;175;ANGELES;05/04/15;CALLE;LA TABERNERA DEL PUERTO;71;31055514;5;ACTIVO
52215;D1755-Deportiva - CALLE DE LA CANCION DEL OLVIDO 52;17;VILLAVERDE;175;ANGELES;05/04/15;CALLE;LA CANCION DEL OLVIDO;52;11129069;10;ACTIVO
7248141;D1760 - Deportiva -CALLE ALGORA 2;17;VILLAVERDE;175;ANGELES;17/11/20;CALLE;ALCOCER;1;11128272;7;ACTIVO
7927322;D1762 - Deportiva - CALLE LA CANCION DEL OLVIDO 48;17;VILLAVERDE;175;ANGELES;03/06/21;CALLE;LA CANCION DEL OLVIDO;48;11129067;15;ACTIVO
3573466;D1856-Deportiva- CARRETERA DE VILLAVERDE A VALLECAS 289;18;VILLA DE VALLECAS;181;CASCO HISTORICO DE VALLECAS;20/10/13;CARRETERA;VILLAVERDE A VALLECAS;289;20180908;9;ACTIVO
3573333;D1853-Deportiva- CALLE DE BABILAFUENTE 2;18;VILLA DE VALLECAS;181;CASCO HISTORICO DE VALLECAS;20/10/13;CALLE;BABILAFUENTE;2;20170570;4;ACTIVO
3573350;D1852-Deportiva- CALLE DE BABILAFUENTE 1;18;VILLA DE VALLECAS;181;CASCO HISTORICO DE VALLECAS;20/10/13;CALLE;BABILAFUENTE;1;20170576;11;ACTIVO
4985933;D1857- Deportiva- POLIGONO UZP0104 ATALAYUELA, 152;18;VILLA DE VALLECAS;181;CASCO HISTORICO DE VALLECAS;01/06/18;CALLE;PERALES DEL RIO;14;31042406;6;ACTIVO
3573015;D1951-Deportiva- PASEO DEL POLIDEPORTIVO 148;19;VICALVARO;191;CASCO HISTORICO DE VICALVARO;23/10/13;PASEO;POLIDEPORTIVO;144;20154043;11;ACTIVO
6905562;D1959- Deportiva- CALLE DE LA VEREDA DEL PINAR 1;19;VICALVARO;191;CASCO HISTORICO DE VICALVARO;23/04/20;CALLE;VEREDA DEL PINAR;1;20047853;8;ACTIVO
4792806;D1955-Deportiva- CALLE DE CASALARREINA, 26D;19;VICALVARO;191;CASCO HISTORICO DE VICALVARO;12/12/17;AVENIDA;DAROCA;299;31041868;7;ACTIVO
4792812;D1957-Deportiva- CALLE DEL ABAD JUAN CATALAN 70;19;VICALVARO;191;CASCO HISTORICO DE VICALVARO;18/12/17;CALLE;ABAD JUAN CATALAN;70;31037333;8;ACTIVO
7144128;D1965- Deportiva- AVENIDA DE DAROCA 299, 28032 Madrid;19;VICALVARO;191;CASCO HISTORICO DE VICALVARO;17/09/20;AVENIDA;DAROCA;299;31041868;14;ACTIVO
7144275;D1963- Deportiva- CALLE DEL ABAD JUAN CATALAN 72;19;VICALVARO;191;CASCO HISTORICO DE VICALVARO;17/09/20;CALLE;ABAD JUAN CATALAN;70;31037333;9;ACTIVO
5195385;D1757-Deportiva - PASEO DE LOS FERROVIARIOS 11;17;VILLAVERDE;171;VILLAVERDE ALTO - CASCO HISTORICO DE VILLAVERDE;25/09/19;CALLE;SULFATO;22E;20162505;8;ACTIVO
5224222;D1758-Deportiva - CALLE  TRANSVERSAL SEXTA 20;17;VILLAVERDE;171;VILLAVERDE ALTO - CASCO HISTORICO DE VILLAVERDE;18/12/19;CALLE;TRANSVERSAL SEXTA;20;20161828;6;ACTIVO
7362864;D1759 - Deportiva -CALLE TRANSVERSAL SEXTA 10B;17;VILLAVERDE;171;VILLAVERDE ALTO - CASCO HISTORICO DE VILLAVERDE;17/11/20;CALLE;TRANSVERSAL SEXTA;10B;20127343;10;ACTIVO
7761231;D1761-Deportiva - CALLE DE LAS LENGUAS 6;17;VILLAVERDE;171;VILLAVERDE ALTO - CASCO HISTORICO DE VILLAVERDE;22/02/21;CALLE;LENGUAS;6G;31019468;7;ACTIVO
7903120;D1763 - Deportiva - CALLE DE AMADEO FERNANDEZ 11;17;VILLAVERDE;171;VILLAVERDE ALTO - CASCO HISTORICO DE VILLAVERDE;28/04/21;CALLE;AMADEO FERNANDEZ;11;11125656;7;ACTIVO
7862436;D1064-DEPORTIVA-NAVIA;10;LATINA;107;AGUILAS;22/04/21;CALLE;NAVIA;21;20137009;9;ACTIVO
7896349;D1066-DEPORTIVA SOLEDAD CAZORLA 20;10;LATINA;107;AGUILAS;20/05/21;CALLE;SOLEDAD CAZORLA;20;20020646;7;OPERATIVO
451442;D1053-Deportiva CALLE ROMPEDIZO, 15;10;LATINA;107;AGUILAS;01/01/04;CALLE;ROMPEDIZO;15;31008043;6;OPERATIVO
7143517;D0859-DEPORTIVA-PALAS DEL REY;08;FUENCARRAL - EL PARDO;086;VALVERDE;10/09/20;CALLE;PALAS DE REY;17;31044373;8;ACTIVO
7839105;D0861-DEPORTIVA-FROMISTA CV PALAS DEL REY;08;FUENCARRAL - EL PARDO;086;VALVERDE;24/03/21;CALLE;FROMISTA;15 A;31012691;7;ACTIVO
3569210;D0854-Deportiva CALLE MARIA DE MAEZTU, 108 C/V SENDA DEL INFANTE;08;FUENCARRAL - EL PARDO;087;MIRASIERRA;09/10/17;CALLE;MARIA DE MAEZTU;108;31052003;9;ACTIVO
451351;D0850-Deportiva PARQUE NORTE CARMEN TAGLE;08;FUENCARRAL - EL PARDO;085;LA PAZ;01/12/14;AVENIDA;MONFORTE DE LEMOS;8;20095286;3;ACTIVO
451353;D0851-Deportiva PARQUE NORTE;08;FUENCARRAL - EL PARDO;085;LA PAZ;01/12/15;AVENIDA;MONFORTE DE LEMOS;12;20095292;13;ACTIVO
5175231;D0855-Deportiva PARQUE DE BEGOÑA;08;FUENCARRAL - EL PARDO;086;VALVERDE;18/07/19;AVENIDA;LLANO CASTELLANO;3;11047058;5;ACTIVO
7125254;D0858 - Deportiva CALLE ISLAS JARVI 5;08;FUENCARRAL - EL PARDO;086;VALVERDE;01/06/20;CALLE;ISLAS JARVI;5;11047612;3;ACTIVO
3568711;D0852-Deportiva PARQUE NORTE 3 (ANTONIO LOPEZ AGUADO);08;FUENCARRAL - EL PARDO;085;LA PAZ;08/03/17;CALLE;PEDRO RICO;1;20103366;7;ACTIVO
8776080;D0869-DEPORTIVA CALLE PORTOMARIN;08;FUENCARRAL - EL PARDO;086;VALVERDE;27/10/21;CALLE;PORTOMARIN;21;31050947;3;ACTIVO
8799532;D0871-DEPORTIVA CALLE SANTIAGO DE COMPOSTELA;08;FUENCARRAL - EL PARDO;085;LA PAZ;29/03/22;CALLE;SANTIAGO DE COMPOSTELA;40;11045914;8;ACTIVO
8799549;D0959-DEPORTIVA PARQUE DE LA ERMITA;09;MONCLOA - ARAVACA;097;ARAVACA;05/04/22;PASEO;ERMITA;;;1;ACTIVO
5246180;Zona deportiva;09;MONCLOA - ARAVACA;091;CASA DE CAMPO;;PASEO;Paseo Puerta del Angel;1;;2;ACTIVO
7841427;D0952-DEPORTIVA-ARROYO POZUELO FRENTE VIRGEN DE LOS  ROSALES;09;MONCLOA - ARAVACA;097;ARAVACA;22/03/21;CALLE;VIRGEN DE LOS ROSALES;42;20125594;8;ACTIVO
3568708;D0950-Deportiva AMPLIACION PARQUE ARROYO  POZUELO;09;MONCLOA - ARAVACA;097;ARAVACA;25/01/06;CALLE;ESCULTOR PERESEJO;60;20063772;11;ACTIVO
7853205;D0953-DEPORTIVA-LA SALLE JUNTO CEMENTERIO;09;MONCLOA - ARAVACA;095;VALDEMARIN;29/03/21;AVENIDA;VALDEMARIN;109;20166358;7;ACTIVO
8799606;D0960-DEPORTIVA AVD TALGO 1;09;MONCLOA - ARAVACA;097;ARAVACA;25/03/22;AVENIDA;TALGO;1;20172160;6;ACTIVO
5653877;Área Deportiva CD_000007;09;MONCLOA - ARAVACA;093;CIUDAD UNIVERSITARIA;29/12/09;;;;;1;OPERATIVO
5653881;Área Deportiva CD_000006;09;MONCLOA - ARAVACA;093;CIUDAD UNIVERSITARIA;29/12/09;;;;;3;OPERATIVO
5653890;Área Deportiva CD_000008;09;MONCLOA - ARAVACA;093;CIUDAD UNIVERSITARIA;29/12/09;;;;;1;OPERATIVO
5653903;Área Deportiva CD_000015;09;MONCLOA - ARAVACA;093;CIUDAD UNIVERSITARIA;29/12/09;;;;;1;OPERATIVO
5653899;Área Deportiva CD_000011;09;MONCLOA - ARAVACA;093;CIUDAD UNIVERSITARIA;29/12/09;;;;;2;OPERATIVO
5653905;Área Deportiva CD_000016;09;MONCLOA - ARAVACA;093;CIUDAD UNIVERSITARIA;29/12/09;;;;;1;OPERATIVO
5653907;Área Deportiva CD_000028;09;MONCLOA - ARAVACA;093;CIUDAD UNIVERSITARIA;29/12/09;;;;;1;OPERATIVO
5653914;Área Deportiva CD_000042;09;MONCLOA - ARAVACA;093;CIUDAD UNIVERSITARIA;29/12/09;;;;;1;OPERATIVO
5653933;Área Deportiva CD_000053;09;MONCLOA - ARAVACA;093;CIUDAD UNIVERSITARIA;29/12/09;;;;;1;OPERATIVO
5653942;Área Deportiva CD_000045;09;MONCLOA - ARAVACA;093;CIUDAD UNIVERSITARIA;29/12/09;;;;;1;OPERATIVO
5653960;Área Deportiva CD_000010;09;MONCLOA - ARAVACA;093;CIUDAD UNIVERSITARIA;29/12/09;;;;;3;OPERATIVO
5653965;Área Deportiva CD_000048;09;MONCLOA - ARAVACA;093;CIUDAD UNIVERSITARIA;29/12/09;;;;;1;OPERATIVO
5653967;Área Deportiva CD_000049;09;MONCLOA - ARAVACA;093;CIUDAD UNIVERSITARIA;29/12/09;;;;;2;OPERATIVO
5653984;Área Deportiva CD_000051;09;MONCLOA - ARAVACA;093;CIUDAD UNIVERSITARIA;29/12/09;;;;;1;OPERATIVO
5654006;Área Deportiva CD_000046;09;MONCLOA - ARAVACA;093;CIUDAD UNIVERSITARIA;29/12/09;;;;;2;OPERATIVO
5654016;Área Deportiva CD_000044;09;MONCLOA - ARAVACA;093;CIUDAD UNIVERSITARIA;29/12/09;;;;;1;OPERATIVO
5654037;Área Deportiva CD_000036;09;MONCLOA - ARAVACA;093;CIUDAD UNIVERSITARIA;29/12/09;;;;;1;OPERATIVO
5654053;Área Deportiva CD_000033;09;MONCLOA - ARAVACA;093;CIUDAD UNIVERSITARIA;29/12/09;;;;;1;OPERATIVO
5654057;Área Deportiva CD_000031;09;MONCLOA - ARAVACA;093;CIUDAD UNIVERSITARIA;29/12/09;;;;;1;OPERATIVO
5654059;Área Deportiva CD_000030;09;MONCLOA - ARAVACA;093;CIUDAD UNIVERSITARIA;29/12/09;;;;;1;OPERATIVO
5653896;Área Deportiva CD_000014;09;MONCLOA - ARAVACA;093;CIUDAD UNIVERSITARIA;29/12/09;;;;;1;OPERATIVO
5653901;Área Deportiva CD_000009;09;MONCLOA - ARAVACA;093;CIUDAD UNIVERSITARIA;29/12/09;;;;;2;OPERATIVO
5653909;Área Deportiva CD_000029;09;MONCLOA - ARAVACA;093;CIUDAD UNIVERSITARIA;29/12/09;;;;;1;OPERATIVO
5653924;Área Deportiva CD_000043;09;MONCLOA - ARAVACA;093;CIUDAD UNIVERSITARIA;29/12/09;;;;;2;OPERATIVO
5653950;Área Deportiva CD_000041;09;MONCLOA - ARAVACA;093;CIUDAD UNIVERSITARIA;29/12/09;;;;;1;OPERATIVO
5653963;Área Deportiva CD_000047;09;MONCLOA - ARAVACA;093;CIUDAD UNIVERSITARIA;29/12/09;;;;;2;OPERATIVO
5653971;Área Deportiva CD_000050;09;MONCLOA - ARAVACA;093;CIUDAD UNIVERSITARIA;29/12/09;;;;;1;OPERATIVO
5653995;Área Deportiva CD_000052;09;MONCLOA - ARAVACA;093;CIUDAD UNIVERSITARIA;29/12/09;;;;;1;OPERATIVO
5654012;Área Deportiva CD_000040;09;MONCLOA - ARAVACA;093;CIUDAD UNIVERSITARIA;29/12/09;;;;;1;OPERATIVO
5654014;Área Deportiva CD_000038;09;MONCLOA - ARAVACA;093;CIUDAD UNIVERSITARIA;29/12/09;;;;;1;OPERATIVO
5654018;Área Deportiva CD_000037;09;MONCLOA - ARAVACA;093;CIUDAD UNIVERSITARIA;29/12/09;;;;;1;OPERATIVO
5654025;Área Deportiva CD_000039;09;MONCLOA - ARAVACA;093;CIUDAD UNIVERSITARIA;29/12/09;;;;;1;OPERATIVO
5654045;Área Deportiva CD_000035;09;MONCLOA - ARAVACA;093;CIUDAD UNIVERSITARIA;29/12/09;;;;;1;OPERATIVO
5654051;Área Deportiva CD_000034;09;MONCLOA - ARAVACA;093;CIUDAD UNIVERSITARIA;29/12/09;;;;;1;OPERATIVO
5654055;Área Deportiva CD_000032;09;MONCLOA - ARAVACA;093;CIUDAD UNIVERSITARIA;29/12/09;;;;;1;OPERATIVO
8799547;D2067-DEPORTIVA CALLE MARSELLA;20;SAN BLAS - CANILLEJAS;205;ROSAS;29/03/22;CALLE;MARSELLA;29;20119513;8;ACTIVO
8799600;D2068-DEPORTIVA CONSERVEROS;20;SAN BLAS - CANILLEJAS;204;ARCOS;05/04/22;CALLE;CONSERVEROS;17;11135747;15;ACTIVO
5653806;Área Deportiva CD_000004;20;SAN BLAS - CANILLEJAS;208;EL SALVADOR;24/07/15;;;;;9;OPERATIVO
451521;D1054-Deportiva CALLE SESEÑA, 34;10;LATINA;104;ALUCHE;01/01/04;PASEO;EXTREMADURA;351;11068877;11;OPERATIVO
